"/imudata/orientation/x_x","/imudata/orientation/x_y"
0.2560961246,-0.3106917143,
0.3380961418,-0.2236649096,
0.4210960865,-0.1288404018,
0.5040962696,-0.2140845507,
0.5870962143,-0.5526452661,
0.6690962315,-0.1797036827,
0.7520961761,-0.1882278025,
0.8350961208,-0.4784570932,
0.917096138,-0.2490812689,
1.000096083,-0.2290491611,
1.0820961,-0.2163517773,
1.164096117,-0.1597596109,
1.2470963,-0.2644608319,
1.330096245,-0.9814986587,
1.412096262,-0.4280084372,
1.495096207,-0.2238605917,
1.578096151,-0.4871435165,
1.660096169,-0.5203518867,
1.746096134,5.892051697,
1.831779242,-0.7205405831,
1.913779259,-2.06035161,
1.995779276,2.463909388,
2.078779221,0.9361801744,
2.161779165,-0.5885854959,
2.243779182,-1.326150537,
2.326779127,0.6457144022,
2.407779217,1.616358876,
2.490779161,-0.1423985362,
2.573779106,-0.5261359215,
2.655779123,0.4458891451,
2.738779068,-0.04463287443,
2.821779251,-0.9298492074,
2.903779268,-1.093902707,
2.986779213,4.093988895,
3.06877923,5.423408508,
3.151779175,2.178246498,
3.233779192,1.651888132,
3.316779137,-0.8725937009,
3.399779081,-1.307560325,
3.481779099,-0.1374788135,
3.564779043,0.1374719143,
3.647779226,0.7846863866,
3.728779078,0.01956453919,
3.811779261,0.05692098662,
3.894779205,0.9331589341,
3.976779222,1.479810476,
4.059779167,1.388919592,
4.141779184,-0.2925963998,
4.224779129,-0.8891882896,
4.309779167,-0.7404272556,
4.394467115,-1.028304338,
4.477467299,-0.3563939333,
4.559467316,-0.07462097704,
4.64246726,-0.6615169644,
4.724467278,0.1279941201,
4.807467222,-0.4683561325,
4.890467167,-0.5352563858,
4.972467184,0.1064080745,
5.054467201,0.908385694,
5.137467146,-0.6892507076,
5.219467163,-0.03520855308,
5.302467108,0.3364986777,
5.385467291,-0.4494709671,
5.467467308,0.04540657997,
5.550467253,-0.7837725282,
5.633467197,-0.7735769749,
5.715467215,-0.6387805939,
5.798467159,-0.2796911895,
5.881467104,-0.1599489301,
5.963467121,-0.5951628685,
6.046467304,-0.5923079252,
6.129467249,-0.5866740346,
6.211467266,-0.2149707973,
6.294467211,-0.2200751603,
6.376467228,-0.3983911574,
6.458467245,-0.2164695859,
6.54146719,-4.53898716,
6.623467207,-2.012307405,
6.706467152,-0.2853376567,
6.789467096,0.3347454071,
6.874467134,1.230065346,
6.958831072,-0.8242301345,
7.041831255,0.5364612937,
7.123831272,0.2665927708,
7.206831217,-0.5696270466,
7.288831234,2.105863094,
7.371831179,0.8540474176,
7.454831123,0.1560121179,
7.537831068,-1.942956686,
7.619831085,-3.427955627,
7.701831102,-2.380295992,
7.78383112,-0.1743835062,
7.866831064,0.8319327235,
7.949831247,-1.745970964,
8.031831264,-2.064084053,
8.114831209,-0.7889024019,
8.196831226,-1.304973722,
8.279831171,-4.593530178,
8.362831116,-5.715342045,
8.444831133,-7.33613348,
8.527831078,-7.382937431,
8.610831261,-6.731338024,
8.692831039,-5.439900398,
8.775831223,-6.53203392,
8.85783124,-9.119714737,
8.938831091,-11.10708237,
9.021831274,-10.86903286,
9.104831219,-8.011932373,
9.187831163,43.53955841,
9.270831108,-0.6992125511,
9.353831053,-9.15365696,
9.438831091,-16.25186157,
9.524059057,-7.242959023,
9.606059074,-2.975212097,
9.688059092,-1.770102978,
9.771059036,5.578174114,
9.853059053,3.412643433,
9.936058998,-6.752325058,
10.01805902,-2.923485994,
10.10105896,-3.314169407,
10.18305898,-3.574136019,
10.26605892,0.5358559489,
10.34705901,1.521001935,
10.43005896,-1.137676835,
10.5130589,-1.580017805,
10.59505892,-0.1917386502,
10.67705894,0.7162032127,
10.76005888,-0.5417541862,
10.84305906,-1.17189014,
10.92505908,-0.1875431389,
11.00805902,0.1558112204,
11.09105897,-0.06823147088,
11.17305899,-0.7345828414,
11.25605893,-0.3883895278,
11.33905888,-0.3594479561,
11.42105889,-0.5960180163,
11.50405908,-0.402464807,
11.58605909,-0.3869518042,
11.66805887,-0.01542643085,
11.75105906,-0.6086479425,
11.834059,-0.4251956046,
11.91605902,-0.6227164865,
12.00205898,-0.6820610762,
12.08835411,-0.5436450243,
12.17035413,-0.3545055985,
12.25335407,-0.3972831964,
12.33535409,-1.270761847,
12.41835403,-0.5061789751,
12.50135398,0.06478775293,
12.583354,0.3592872024,
12.66635394,-0.09825135767,
12.74935412,0.08789903671,
12.83135414,-0.2686041594,
12.91435409,0.8666160107,
12.9963541,0.9115998149,
13.07835412,-4.015771389,
13.16135406,2.089497089,
13.24435401,-2.785103798,
13.32635403,-5.387588501,
13.40935397,-0.07010912895,
13.49235392,0.05779214948,
13.57435393,-4.384605408,
13.65735412,-3.659834862,
13.74035406,-2.953276634,
13.82235408,-4.125137806,
13.90535402,-4.07846117,
13.98835397,-3.483090878,
14.07035398,-3.959995747,
14.15335393,-5.422986984,
14.23435402,-10.65370274,
14.31735396,6.283797264,
14.40035415,10.83736897,
14.48335409,9.820807457,
14.56935406,2.140073299,
14.65273619,21.00115776,
14.73573613,-6.23639679,
14.81773615,-12.06874847,
14.90073609,-4.760464191,
14.98273611,0.9703199267,
15.06473613,-0.2605040073,
15.14773607,1.457234144,
15.23073602,-0.8670655489,
15.31273603,-5.913166046,
15.39573622,-3.198664665,
15.477736,1.979195237,
15.56073618,-0.5439838171,
15.64173603,-2.014643192,
15.72473621,-2.275496721,
15.80773616,-1.092341423,
15.88973618,0.2172754705,
15.97273612,-0.08284222335,
16.05473614,-1.272226095,
16.13773608,-0.5582705736,
16.22073603,0.6575084925,
16.30273604,0.335098654,
16.38573599,0.0186071936,
16.46773601,0.1722252816,
16.55073619,0.5980007648,
16.63373613,-0.6502945423,
16.71673608,-1.009141207,
16.7987361,-0.1771268249,
16.87973619,-0.03736422211,
16.96273613,0.2267959267,
17.04473615,0.9686143398,
17.12973619,0.6430607438,
17.212152,-0.7771401405,
17.29415202,-1.4401052,
17.3771522,-0.6144677401,
17.45915198,1.276221514,
17.54215217,2.448084354,
17.62415218,3.162865639,
17.70715213,4.365391254,
17.78915215,3.900458813,
17.87215209,4.226656437,
17.95415211,5.1884799,
18.03715205,5.07997942,
18.11915207,5.120564461,
18.20015216,5.071613312,
18.2831521,5.652103901,
18.36515212,5.832748413,
18.44815207,5.986028671,
18.53115201,5.307824612,
18.61315203,6.126489639,
18.69615197,9.893467903,
18.77915215,16.12796211,
18.8621521,16.64439774,
18.94515204,7.781949997,
19.02815199,22.28544235,
19.11115217,24.34494591,
19.19315219,-29.25717926,
19.27615213,-13.87604523,
19.35915208,-22.8468647,
19.44315219,-6.139256477,
19.52415204,5.010825157,
19.60715199,-9.694026947,
19.69315219,-5.110856533,
19.77788615,-1.074224949,
19.85988617,-6.731494904,
19.94188619,0.8132014275,
20.02388597,2.871450663,
20.10688615,5.019756794,
20.18988609,2.835824013,
20.27288604,-1.592992067,
20.35488605,-3.277175426,
20.437886,-0.104891032,
20.51988602,1.548304677,
20.60288596,1.657925487,
20.68488598,-1.021268249,
20.76788616,-0.5561521649,
20.84888601,0.1041837037,
20.93188596,-0.4005861878,
21.01488614,-0.8918813467,
21.09788609,-0.6374773979,
21.1798861,-0.00611820817,
21.26288605,-0.4560410678,
21.34588599,-0.7906087637,
21.42788601,-0.7336251736,
21.51088595,-0.3378355205,
21.59388614,-0.3365979493,
21.67688608,-0.1763508469,
21.7588861,-0.4319923818,
21.84188604,-0.5206795931,
21.92488599,-0.2770104706,
22.00688601,-0.4316687584,
22.08988619,-0.5037868023,
22.17188597,-0.797667563,
22.25688601,-0.5275295377,
22.33965206,-0.1535632014,
22.42165208,-0.08570946753,
22.50465202,-0.400734067,
22.58765197,-0.3923130929,
22.66965199,-0.594461441,
22.75265217,-0.3290086985,
22.83565211,-0.1834485382,
22.91765213,-0.5329016447,
23.00065207,-0.1635481566,
23.08365202,-0.404193908,
23.16565204,-0.3507241011,
23.24865198,-0.2351168692,
23.33165216,-0.6960586905,
23.41465211,-0.6288487315,
23.49665213,-0.7746923566,
23.57865214,0.03085456043,
23.66165209,-0.8250827193,
23.74365211,1.334677339,
23.82665205,-0.9881291389,
23.90965199,0.5948996544,
23.99165201,2.815544128,
24.07465196,1.98045063,
24.15765214,3.088007927,
24.24065208,-3.285401106,
24.3226521,-4.513161659,
24.40565205,-0.8772637844,
24.48865199,-2.798087835,
24.57065201,-4.229825497,
24.65365219,-4.767331123,
24.73665214,-4.744787216,
24.82165217,-5.047536373,
24.90597606,-4.909010887,
24.98697615,-4.485152721,
25.06997609,-4.414147377,
25.15197611,-4.273603439,
25.23397613,-4.040616512,
25.31697607,-3.839977741,
25.39897609,-4.058052063,
25.48197603,-3.803400755,
25.56497622,-4.296720982,
25.64697623,-7.998297215,
25.72997618,-11.08716965,
25.81197619,17.4096508,
25.89597607,13.28007317,
25.97897625,14.78411388,
26.06197619,8.713796616,
26.14497614,8.087803841,
26.22597623,-8.08242321,
26.30897617,-5.722851276,
26.39097619,-2.705534697,
26.47397614,-0.8691562414,
26.55597615,8.914428711,
26.6389761,5.363390923,
26.72197604,-0.8709899187,
26.80397606,-4.354266167,
26.88697624,-3.234789371,
26.96897626,0.7925299406,
27.0519762,1.205730319,
27.13397622,-1.150663257,
27.21697617,-1.767408848,
27.29897618,-0.5646710396,
27.38497615,-0.4006232321,
27.47106314,-0.8991957903,
27.55206323,-0.5265027285,
27.63506317,-0.2710028291,
27.71706319,-0.4428982735,
27.80006313,-0.6064352989,
27.88306308,-0.2661465108,
27.9650631,-0.4836646318,
28.04806304,-0.6404633522,
28.13106322,-0.4371260405,
28.21306324,-0.6968913674,
28.29606318,-0.3109012246,
28.37906313,-0.6409049034,
28.46106315,-0.7396609783,
28.54406309,-3.425779819,
28.62706304,-0.893419981,
28.70906305,0.6208546162,
28.79206324,-0.6799616218,
28.87406301,-0.06278082728,
28.9570632,0.2644581199,
29.03906322,-0.5103532076,
29.12206316,-0.06641110778,
29.2050631,3.256378889,
29.28806305,0.11800614,
29.37006307,-1.472391844,
29.45206308,-4.075856209,
29.53506303,0.1706306338,
29.61806321,-0.01193041168,
29.70006323,-3.002392054,
29.78306317,-4.210131168,
29.86606312,-4.476597786,
29.95106316,-5.458805561,
30.03364801,-7.195043564,
30.1166482,-7.092516422,
30.19764805,-5.862716675,
30.28064799,-4.905159473,
30.36264801,-5.286086559,
30.44464803,-6.281506538,
30.52764821,-8.910024643,
30.60964799,-11.77314377,
30.69264817,5.437760353,
30.77564812,22.74435043,
30.85764813,7.751909256,
30.94064808,6.706701279,
31.02364802,-15.35512638,
31.10764813,-6.808701038,
31.18964815,-8.185922623,
31.27164817,-1.463995576,
31.35464811,-1.401820421,
31.43664813,1.954849362,
31.51864815,1.216299891,
31.60064816,-0.7767104506,
31.68364811,-2.444645405,
31.76664805,0.8222734928,
31.84864807,0.1210033074,
31.93064809,-1.398586512,
32.01364803,-1.40687263,
32.09664822,-0.5265721083,
32.17864799,-0.4287463725,
32.26164818,-1.051364899,
32.34464812,-1.015277505,
32.42664814,-0.5438170433,
32.51264811,-0.5699022412,
32.59838915,-0.5789263844,
32.68038917,-0.4974443614,
32.76338911,-0.4852743149,
32.84438896,-0.6960038543,
32.92738914,-0.940699935,
33.01038909,-0.6282980442,
33.09238911,-0.6059681177,
33.17538905,-0.8753644228,
33.258389,-0.7959415913,
33.34038901,-0.7641835809,
33.42338896,-0.4628947675,
33.50638914,-0.7560012341,
33.58838916,-0.5311940312,
33.6713891,-0.2739163339,
33.75438905,-0.4657304287,
33.83638906,-0.465300709,
33.91938901,-0.4150224924,
34.00238895,-0.5558488369,
34.08538914,-0.6450269818,
34.16638899,-0.643304646,
34.24938917,-0.5332738161,
34.33238912,-0.6110748649,
34.41438913,-0.7515660524,
34.49738908,-0.7831455469,
34.58038902,-0.9318014979,
34.66238904,-0.8070496321,
34.74538898,-0.4171775877,
34.82838917,-0.7033822536,
34.91038918,-0.909642458,
34.99338913,-0.7177498341,
35.07838917,-0.7036336064,
35.16280818,-0.6309954524,
35.2448082,-1.045639157,
35.32680821,-0.7979214787,
35.40980816,-0.5615298748,
35.4928081,-0.8688614368,
35.57380819,-0.5584613681,
35.65680814,-0.8233715296,
35.73980808,-0.9188129306,
35.82280803,-0.7290648818,
35.90480804,-0.6489753127,
35.98780799,-0.433304131,
36.07080817,-0.7057327628,
36.15280819,-1.058311582,
36.23580813,-0.5535947084,
36.31880808,-0.2971110642,
36.4008081,-0.5998477936,
36.48380804,-0.3423553705,
36.56680799,-0.5897616148,
36.648808,-0.4240521789,
36.73180819,-0.9475905895,
36.8138082,-0.6245087981,
36.89580798,-0.5223220587,
36.97880816,-0.9233417511,
37.06180811,-0.6593136191,
37.14380813,-0.5644711852,
37.22680807,-0.3589851856,
37.30980802,-0.514706552,
37.3928082,-0.5462182164,
37.47480822,-0.5858952403,
37.55780816,-0.6335528493,
37.6428082,-0.5711455345,
37.72630501,-0.6993225813,
37.80930519,-0.5378648639,
37.89130521,-0.5520235896,
37.97430515,-0.6062241197,
38.0573051,-0.5227900147,
38.13930511,-0.6002177,
38.22130513,-0.5232768059,
38.30430508,-0.7691289783,
38.38630509,-0.739653945,
38.46930504,-0.7141931653,
38.55230498,-0.5718892813,
38.634305,-0.4892009199,
38.71730518,-0.7705512047,
38.80030513,-0.7422181368,
38.88230515,-0.6431189775,
38.96530509,-0.4413389266,
39.04830503,-0.580047965,
39.13130498,-3.861360312,
39.213305,-1.810073137,
39.29630518,-0.09135819972,
39.37930512,-0.6271096468,
39.46130514,-0.4054355025,
39.54330516,-0.3301818967,
39.6263051,-0.6677435637,
39.70830512,-0.8214717507,
39.79130507,-1.013129473,
39.87430501,-0.6092849374,
39.95730519,0.3299127817,
40.03930521,0.08960676193,
40.12230515,0.8415566087,
40.20730519,0.8998823166,
40.29443598,0.09332645684,
40.37743616,3.089002132,
40.45943618,-0.4806418717,
40.54243612,-5.229649544,
40.62443614,-4.742129326,
40.70743608,-2.469497681,
40.79043603,-2.6224792,
40.87143612,-2.89387393,
40.95443606,-2.061137676,
41.03743601,-3.399543285,
41.11943603,-3.972586155,
41.20243597,-4.284379482,
41.28443599,-6.589931488,
41.36743617,-11.03362465,
41.45043612,-14.34388924,
41.53343606,10.90247917,
41.61543608,-42.39532852,
41.69843602,13.81693077,
41.78143597,-31.59441757,
41.86443615,0.008110523224,
41.94743609,-14.36088085,
42.02943611,-8.036333084,
42.11243606,0.3580751419,
42.19343615,-0.1913128793,
42.27643609,12.06245232,
42.35843611,-0.1566070318,
42.44143605,-5.32634449,
42.524436,-3.235539436,
42.60643601,0.3019118905,
42.68943596,0.04797041416,
42.774436,-1.369760513,
42.85771918,-0.8032979965,
42.9397192,-0.6687438488,
43.02271914,-0.9877101183,
43.10471916,-0.4881720841,
43.18771911,-0.8642200828,
43.27071929,-0.9878441095,
43.35271931,-0.2352703959,
43.43571925,-0.5439189076,
43.5167191,-0.8829927444,
43.59971929,-0.5826000571,
43.68271923,-0.6743585467,
43.76471925,-0.9561011195,
43.84771919,-0.7072645426,
43.93071914,-0.7186166048,
44.01371908,-0.8629277945,
44.0957191,-0.9267685413,
44.17871928,-0.6225404143,
44.26171923,-0.6504688859,
44.34371924,-0.7540022731,
44.42671919,-0.7862040997,
44.50971913,-0.3826306462,
44.59171915,-0.6414103508,
44.6747191,-0.7778047919,
44.75771928,-0.9291419387,
44.83871913,-0.4843901396,
44.92171931,-0.5967186093,
45.00471926,-1.012602806,
45.08671927,-0.4607675672,
45.16971922,-0.5136058927,
45.25271916,-0.7947715521,
45.3377192,-0.8636541367,
45.42305899,-0.6761242747,
45.505059,-0.7159742713,
45.58805919,-0.6633092165,
45.67105913,-0.8319175839,
45.75405908,-0.5595211387,
45.83605909,-0.662104547,
45.91905904,-0.8551681638,
46.00205898,-0.7273688316,
46.084059,-0.6257653236,
46.16705918,-0.7844201326,
46.24905896,-0.5355318785,
46.33105898,-0.5690736175,
46.41405916,-0.7967889309,
46.49705911,-0.9224750996,
46.57905912,-0.6860973239,
46.66205907,-0.585496664,
46.74505901,-0.6928291321,
46.82705903,-0.5999228954,
46.91005898,-0.7572782636,
46.99305916,-0.8009780645,
47.07505918,-0.7926527262,
47.15805912,-0.7755033374,
47.24105906,-0.816812396,
47.32405901,-0.5550875068,
47.40605903,-0.7286311388,
47.48805904,-0.6316731572,
47.57105899,-0.4746310413,
47.65305901,-0.6314262152,
47.73605919,-0.8050832152,
47.81905913,-0.7355707884,
47.90405917,-0.4889467359,
47.98631001,-0.8210576177,
48.06831002,-0.633472085,
48.15130997,-0.4409677386,
48.23430991,-0.7332779169,
48.31630993,-0.7988259792,
48.39931011,-0.5041689277,
48.48231006,-0.5376508236,
48.56431007,-0.7163430452,
48.64731002,-0.9777632952,
48.73030996,-0.6755621433,
48.81230998,-0.7224679589,
48.89431,-0.7049613595,
48.97730994,-0.7399718761,
49.06031013,-0.6331697702,
49.1423099,-0.7557775974,
49.22531009,-0.7246702909,
49.30831003,-0.5484659672,
49.39031005,-0.755099535,
49.47330999,-0.5737785101,
49.55630994,-0.6101799011,
49.63830996,-0.8587836623,
49.7213099,-0.847848475,
49.80431008,-0.7963780165,
49.8863101,-0.6286963224,
49.96931005,-0.807403028,
50.05230999,-0.7394614816,
50.13431001,-0.8803755641,
50.21631002,-0.892662704,
50.29930997,-0.7865979075,
50.38130999,-0.5480852127,
50.46730995,-0.5883038044,
50.5527122,-0.5848295689,
50.63471222,-0.561833024,
50.71771216,-0.8032242656,
50.80071211,-0.6692225337,
50.88271213,-0.3737581074,
50.96571207,-0.7070580125,
51.04871202,-0.3024142087,
51.13071203,-0.9121440649,
51.21371222,-1.449565411,
51.29571223,-1.675840974,
51.37871218,-0.9350452423,
51.46171212,-0.4377194345,
51.54271221,-0.4438639879,
51.62571216,-0.722499311,
51.7087121,-0.3604999781,
51.79071212,-1.160849333,
51.87371206,-0.5978779197,
51.95671201,-0.5291721225,
52.03871202,-0.3604834378,
52.12171221,-0.1282682717,
52.20471215,0.4662957788,
52.2877121,1.197129369,
52.36971211,-0.8182103038,
52.45271206,-5.145754337,
52.535712,6.376248837,
52.61771202,-8.066654205,
52.7007122,-5.143372059,
52.78271222,-3.29364109,
52.86471224,-1.00011766,
52.94771218,-4.137378216,
53.03271222,-4.091444969,
53.11581707,-3.823034763,
53.19781709,-6.164061546,
53.28081727,-7.411704063,
53.36281705,-7.891608715,
53.44581723,-7.616910934,
53.52781725,-11.92063522,
53.61081719,-45.95924377,
53.69381714,6.849365234,
53.77681708,-2.724771976,
53.8588171,-4.397345066,
53.94181705,9.054936409,
54.02381706,-4.632183552,
54.10681725,1.521193981,
54.1878171,3.925134897,
54.27081704,3.656077147,
54.35281706,-1.586167693,
54.43581724,-0.8910745382,
54.51781726,-1.77769351,
54.6008172,0.4942927957,
54.68281722,-0.5668799877,
54.76581717,-1.255567789,
54.84881711,-0.3604984581,
54.93081713,-0.1374339759,
55.01381707,-0.8233759403,
55.09681726,-0.751698494,
55.17881727,-0.4037747681,
55.26181722,-0.4386127293,
55.34481716,-1.209295034,
55.42581725,-1.585255384,
55.5088172,-1.032803297,
55.59381723,-0.6691497564,
55.6811192,-0.8039925098,
55.76311922,-0.726147294,
55.84611917,-0.4768488407,
55.92811918,-0.6020932198,
56.01111913,-0.8502400517,
56.09411907,-0.9604637623,
56.17611909,-1.003245711,
56.25911903,-0.8636937141,
56.34211922,-0.9542831779,
56.42411923,-0.826690197,
56.50711918,-0.5734803677,
56.59011912,-0.589378655,
56.67211914,-0.5937700272,
56.75511909,-0.3893878162,
56.8371191,-0.7329247594,
56.91911912,-1.103028536,
57.00211906,-0.6891391873,
57.08511901,-0.6163337231,
57.16711903,-0.8904990554,
57.25011921,-0.6143295169,
57.33311915,-0.4211888015,
57.4161191,-0.712033987,
57.49811912,-0.6175932288,
57.58111906,-0.8286992908,
57.66411901,-0.7746719122,
57.74611902,-0.6511554718,
57.82911921,-0.9748235941,
57.91211915,-0.1253043264,
57.99411917,-0.9110355973,
58.07711911,-0.7403514385,
58.16211915,-0.3909882605,
58.24707508,-0.4988388717,
58.3290751,-0.8730631471,
58.41207504,-0.7132373452,
58.49407506,-0.7195186019,
58.577075,-0.6584595442,
58.66007495,-0.7945917845,
58.74207497,-0.9795123935,
58.82507491,-0.6784779429,
58.90807509,-0.6900878549,
58.99007511,-1.021139145,
59.07307506,-0.9640205503,
59.156075,-0.9621222019,
59.23807502,-0.7737311721,
59.32107496,-0.5363111496,
59.40407491,-0.7072100639,
59.48607492,-0.6603646874,
59.56807494,-0.6435802579,
59.65107489,-0.6973055005,
59.73407507,-0.4829584062,
59.81607509,-0.7433909178,
59.89907503,-0.9394971728,
59.98207498,-0.7754524946,
60.06407499,-0.8976155519,
60.14707494,-0.8259941339,
60.23007488,-0.6752567887,
60.3120749,-0.8216862082,
60.39507508,-0.9063783288,
60.47807503,-0.7354197502,
60.56007504,-0.7005428076,
60.64307499,-0.7866788507,
60.72807503,-0.6891267896,
60.8113811,-0.7703472376,
60.89338112,-0.3138476908,
60.97438121,-0.4262780845,
61.05738115,-0.8874536753,
61.1403811,-1.008843422,
61.22238111,-0.6862300634,
61.30538106,-0.635867238,
61.388381,-0.9965046644,
61.47138119,-0.7728800178,
61.5533812,-0.5670461059,
61.63638115,-0.5759631395,
61.71938109,-0.4609144628,
61.80138111,-1.109308124,
61.88438106,-1.034674406,
61.967381,-0.811598897,
62.04938102,-0.5805544257,
62.1323812,-0.7639780045,
62.21438098,-0.7207099795,
62.296381,-0.5933297873,
62.37938118,-0.9383268952,
62.46238112,-0.8179474473,
62.54438114,-0.6377459168,
62.62738109,-0.8918362856,
62.71038103,-0.867141366,
62.79238105,-0.5935201645,
62.87538099,-0.7213751078,
62.95838118,-0.8436939716,
63.04138112,-0.9099506736,
63.12338114,-0.9548522234,
63.20638108,-0.8458721042,
63.29138112,-0.875353694,
63.37360811,-0.7398298383,
63.4566083,-0.8134334683,
63.53860831,-0.7163698077,
63.62060809,-0.9829403162,
63.70360827,-0.6645032167,
63.78560829,-0.6549543738,
63.86860824,-0.6539194584,
63.95160818,-0.8620324731,
64.0336082,-0.8474708796,
64.11660814,-0.70501405,
64.19960809,-0.9486657977,
64.2816081,-0.8784343004,
64.36460829,-0.7415812016,
64.44760823,-0.4355419576,
64.52960825,-0.6297687888,
64.61260819,-0.5329726934,
64.69560814,-0.6694026589,
64.77860808,-0.8259384036,
64.8606081,-0.7391717434,
64.94260812,-0.5748230815,
65.0256083,-0.5402199626,
65.10760808,-0.5830982924,
65.19060826,-0.8232302666,
65.27360821,-0.5685295463,
65.35560822,-0.6855739355,
65.43860817,-0.8561291099,
65.52160811,-0.6423328519,
65.60360813,-0.6728966236,
65.68660831,-0.6023438573,
65.76960826,-0.5788354874,
65.8546083,-0.363191545,
65.94129992,-1.070399523,
66.02329993,-0.8267662525,
66.10630012,-0.6045771837,
66.18930006,-0.8942731023,
66.27029991,-0.947602272,
66.35330009,-0.7334692478,
66.43630004,-0.722966373,
66.51929998,-0.9768481255,
66.6013,-0.614621222,
66.68429995,-0.8561159372,
66.76729989,-0.7684446573,
66.84929991,-0.8392447829,
66.93230009,-0.8155578375,
67.01530004,-0.5702420473,
67.09730005,-0.6537659764,
67.1803,-0.7205756307,
67.26329994,-0.7578904033,
67.34529996,-0.7034249902,
67.4282999,-0.8782331944,
67.51130009,-0.5582255721,
67.59229994,-0.4337026179,
67.67529988,-0.7658160329,
67.75830007,-0.9493162036,
67.84030008,-0.5986292362,
67.92330003,-0.59027946,
68.00629997,-0.7898506522,
68.08929992,-0.6893433332,
68.17129993,-1.025928378,
68.25430012,-0.6038562059,
68.33730006,-0.7545283437,
68.4223001,-0.9112612009,
68.50456405,-0.8471050262,
68.58656406,-0.8298112154,
68.66956401,-0.64133811,
68.75256395,-0.5963630676,
68.83456397,-0.4861577749,
68.91756415,-0.3091437519,
68.99956417,-0.8426855206,
69.08156395,-0.8663921952,
69.16456413,-0.924263835,
69.24756408,-0.9272714257,
69.32956409,-0.9162587523,
69.41256404,-0.6173452735,
69.49556398,-0.5502570868,
69.577564,-0.5319070816,
69.66056395,-0.6716939211,
69.74356413,-0.6704264879,
69.82656407,-0.7381441593,
69.90856409,-0.6205260754,
69.99156404,-0.9461025596,
70.07456398,-0.8837615252,
70.156564,-0.7511726022,
70.23956394,-0.5627033114,
70.32156396,-0.7088102102,
70.40356398,-0.8372207284,
70.48656416,-0.7764264345,
70.5695641,-0.7927541733,
70.65156412,-0.5787218809,
70.73456407,-0.6232198477,
70.81756401,-0.5813794732,
70.89956403,-0.5703466535,
70.98556399,-0.5172439814,
71.07100224,-0.817548275,
71.15300226,-0.4057024419,
71.23600221,-0.6687002182,
71.31900215,-0.7609735727,
71.40100217,-0.7133392096,
71.48400211,-0.6889312863,
71.56700206,-0.6394658089,
71.64800215,-0.8369708657,
71.73100209,-0.7908508778,
71.81400228,-0.941906929,
71.89600205,-1.002399206,
71.97900224,-0.668933928,
72.06200218,-0.6136716008,
72.1440022,-0.6738595963,
72.22700214,-0.7376970053,
72.31000209,-0.7821061611,
72.39200211,-0.7965356708,
72.47500205,-0.7508702278,
72.55800223,-0.4715226293,
72.64000225,-0.6392092705,
72.7230022,-0.6084705591,
72.80600214,-0.6463758945,
72.88800216,-0.802533865,
72.97000217,-0.7146993279,
73.05300212,-0.7637717724,
73.13600206,-0.7234147787,
73.21800208,-0.7658374906,
73.30100226,-0.7147724032,
73.38400221,-0.5499045849,
73.46600223,-0.8232711554,
73.55200219,-0.8622993827,
73.63581824,-0.7136148214,
73.71781826,-0.898734808,
73.8008182,-0.9754621387,
73.88281822,-0.7271302342,
73.96581817,-0.8044402599,
74.04881811,-0.7095012665,
74.13081813,-0.7000772953,
74.21381807,-0.9044462442,
74.29681826,-0.8286603093,
74.37781811,-0.99310112,
74.46081805,-0.7252373695,
74.54381824,-0.8270071745,
74.62581825,-1.050024629,
74.7088182,-0.6332275867,
74.79181814,-0.5314583182,
74.87481809,-0.6273818016,
74.9568181,-0.8180404902,
75.03981805,-0.7831584811,
75.12281823,-0.6296803951,
75.20481825,-0.6562772393,
75.28781819,-0.6754787564,
75.37081814,-0.9675382376,
75.45281816,-1.111240864,
75.5358181,-1.104973793,
75.61881804,-0.6735870838,
75.69981813,-0.5887226462,
75.78281808,-0.3752332926,
75.86581826,-0.5526765585,
75.94781828,-0.7774537206,
76.03081822,-0.8898720741,
76.11581826,-0.7343405485,
76.20349622,-0.938698411,
76.28549623,-0.7999361753,
76.36849618,-0.5916148424,
76.4504962,-0.9104246497,
76.53349614,-0.9708903432,
76.61649609,-0.9178261757,
76.6984961,-1.086665034,
76.78149605,-0.6215311885,
76.86449623,-0.6759932041,
76.94649625,-0.9361504316,
77.02849603,-0.29095608,
77.11149621,-0.4387701452,
77.19349623,-0.5426476002,
77.27649617,-0.8211970329,
77.35949612,-0.4253872037,
77.44149613,-0.5830093026,
77.52449608,-0.6095651388,
77.60749602,-0.8603692651,
77.68949604,-1.061668038,
77.77249622,-0.8010630608,
77.85549617,-0.6763682961,
77.93749619,-0.7103090286,
78.02049613,-0.5554581285,
78.10349607,-0.7980754972,
78.18649602,-0.9230425954,
78.26849604,-0.6415134668,
78.35049605,-0.9697239995,
78.43349624,-0.9870979786,
78.51549625,-0.9665560126,
78.5984962,-0.9084774256,
78.68349624,-0.6726986766,
78.766752,-0.7638865113,
78.84975219,-0.5839706659,
78.9317522,-0.6082348228,
79.01475215,-0.3516683877,
79.09775209,-0.735662818,
79.17975211,-0.7984986305,
79.26275206,-1.115272522,
79.345752,-0.8510667086,
79.42775202,-0.5226705074,
79.5107522,-0.5852763653,
79.59375215,-0.7915349603,
79.67575216,-0.809220314,
79.75775218,-0.8727780581,
79.84075212,-0.8073147535,
79.92375207,-0.8210598826,
80.00575209,-0.8247184157,
80.08875203,-0.9272742271,
80.17175198,-0.8653997779,
80.25375199,-0.6713320613,
80.33675218,-0.8192690611,
80.41975212,-0.5858059525,
80.50175214,-0.6122354269,
80.58475208,-0.7577358484,
80.66775203,-0.7858626246,
80.74975204,-0.6623330116,
80.83275199,-0.6540654898,
80.91575217,-0.6516596079,
80.99675202,-0.6393834949,
81.07975221,-0.8160908222,
81.16275215,-1.000516176,
81.24775219,-0.7241457105,
81.3312211,-0.6860366464,
81.41422129,-0.9212502241,
81.4962213,-0.9561210275,
81.57922125,-0.5764220953,
81.66222119,-0.5119249225,
81.74422121,-1.018050671,
81.82722116,-0.7111352682,
81.9102211,-0.716438055,
81.99222112,-0.8644567728,
82.0752213,-0.8316296935,
82.15822124,-0.7924200892,
82.24022126,-1.021297932,
82.32322121,-0.8197603226,
82.40522122,-0.8566198945,
82.48722124,-0.8170597553,
82.57022119,-0.6272598505,
82.65322113,-0.441149503,
82.73522115,-0.4399579763,
82.81822109,-1.09266746,
82.90122128,-0.840184629,
82.98322129,-0.7773990035,
83.06622124,-0.7919440269,
83.14922118,-0.9945943356,
83.23222113,-1.054566622,
83.31422114,-0.641590476,
83.39722109,-0.9500661492,
83.48022127,-0.9221513867,
83.56222129,-0.7507693768,
83.64522123,-0.8594933748,
83.72722125,-0.8256029487,
83.81222129,-0.4755086005,
83.89584398,-0.5755483508,
83.977844,-0.7408348322,
84.06084418,-0.9176703095,
84.14384413,-1.001328349,
84.22584414,-0.5081170797,
84.30884409,-0.7876374125,
84.39184403,-0.9599382877,
84.47384405,-0.9111804962,
84.556844,-0.90710783,
84.63984418,-0.552519381,
84.72284412,-0.8359414339,
84.80484414,-0.7679089308,
84.88784409,-0.7100522518,
84.97084403,-0.9426937699,
85.05284405,-0.5696141124,
85.13484406,-0.6996840835,
85.21784401,-0.862626195,
85.29984403,-0.8292658329,
85.38284397,-1.006051183,
85.46584415,-0.7755827904,
85.54784417,-0.9081525803,
85.63084412,-0.5381510258,
85.71384406,-0.7720258236,
85.79584408,-0.75099051,
85.87884402,-0.6316529512,
85.96184397,-0.5611472726,
86.04384398,-0.6742846966,
86.12684417,-0.9060211778,
86.20984411,-1.021975756,
86.29284406,-0.6443400383,
86.3778441,-0.8177859783,
86.46477103,-0.9445293546,
